Shazam!,2019,/movies/?id=untitledmovieiv.htm
Little,2019,/movies/?id=little19.htm
Hellboy,2019,/movies/?id=hellboy2019.htm
Pet Sematary,2019,/movies/?id=petsematary2019.htm
Dumbo,2019,/movies/?id=untitleddisneyfairytalela.htm
Captain Marvel ,2019,/movies/?id=marvel2018a.htm
Us,2019,/movies/?id=untitledjordanpeele.htm
After,2019,/movies/?id=after2019.htm
Missing Link,2019,/movies/?id=laika2018.htm
The Best of Enemies,2019,/movies/?id=thebestofenemies2019.htm
The Curse of La Llorona ,2019,/movies/?id=untitlednewline.htm
Breakthrough,2019,/movies/?id=breakthrough.htm
Avengers: Endgame,2019,/movies/?id=marvel2019.htm
Penguins (Disneynature),2019,/movies/?id=penguinsdisneynature.htm
The Intruder,2019,/movies/?id=theintruder2019.htm
Long Shot,2019,/movies/?id=flarsky.htm
Uglydolls,2019,/movies/?id=uglydolls.htm
